{
	"singers": [{
			"name": "Sonu Nigam",
			"photo": "https://i.pinimg.com/236x/e5/de/f5/e5def55ff288d58e3c261b4ed4ee1218.jpg"
		},
		{
			"name": "Shaan",
			"photo": "https://chiloka.com/i/i/s/h/a/shaan-10.jpg"
		},
		{
			"name": "Neha kakkar",
			"photo": "https://drytickets.com.au/assets/upload/750/450/60/celebrities/266-neha-kakkar.jpg"
		},
		{
			"name": "Daler mehndi",
			"photo": "https://indianewengland.com/wp-content/uploads/2017/12/Daler-Mehndi.jpg"
		},
		{
			"name": "Lucky ali",
			"photo": "https://lastfm.freetls.fastly.net/i/u/770x0/ac67e26805514190a7507f78e6b2b946.jpg"
		},
		{
			"name": "Arijit singh",
			"photo": "https://www.aajabhi.com/wp-content/uploads/2020/04/Arijit-Singh.jpg"
		},
		{
			"name": "Sunidhi chauhan",
			"photo": "https://www.filmibeat.com/img/popcorn/profile_photos/sunidhi-chauhan-20130814103926-124.jpg"
		},
		{
			"name": "Honey singh",
			"photo": "https://sites.google.com/site/superhdwallpaperz/yo-yo-honey-singh/Yo%20Yo%20Honey%20Singh-fashion-photo.jpg"
		},
		{
			"name": "Badshah",
			"photo": "https://www.thenorthlines.com/wp-content/uploads/2019/07/Badshah.jpg"
		},
		{
			"name": "Diljit Dosanjh",
			"photo": "https://st1.bollywoodlife.com/wp-content/uploads/2016/05/diljit-dosanjh.jpg"
		}

	]
}